case	condition	va	ia	nShaft	tauLoad
*	*	V	A	rpm	Nm
case 1	condition 1	4.073	0.02864	301.9204851752	0.0011456
case 1	condition 2	6.24	0.03623	495.6064690027	0.0014492
case 2	condition 1	8.55	0.04587	698.5714285714	0.0018348
case 2	condition 2	10.84	0.05164	898.1300539084	0.0020656
case 3	condition 1	11.88	0.05092	995.2762803235	0.0020368
case 3	condition 2	3.957	0.02768	298.4130727763	0.0011072
