case	condition	Vrms	phiv	f	R	L	Irms	phii
*	*	V	deg	Hz	Ohm	H	A	deg
case 1	condition 1	100	0	50	100	0.024	0.99716961605224	-4.31184156519119
case 1	condition 2	120	0	60	120	0.02	0.998031904503645	-3.59527377986817
case 2	condition 1	100	90	50	100	0.024	0.99716961605224	85.6881584348088
case 2	condition 2	120	90	60	120	0.02	0.998031904503645	86.4047262201318
case 3	condition 1	100	45	50	100	0.024	0.99716961605224	40.6881584348088
case 3	condition 2	120	45	60	120	0.02	0.998031904503645	41.4047262201318
